{"200": {
    "yaw": [[0.5, 0.5, 0.5, 0.5, 0.5, 0.5, 0.5, 0.5, 0.5, 0.5, 0.5, 0.5, 0.5, 0.5, 0.5, 0.5, 0.5, 0.5, 0.5, 0.5, 0.5, 0.5, 0.5, 0.5], [0.5091341137886047, 0.5022625625133514, 0.5026771873235703, 0.5125044286251068, 0.521384209394455, 0.5301893353462219, 0.5370181053876877, 0.5387100577354431, 0.5424485206604004, 0.5420702397823334, 0.5404221415519714, 0.5401937067508698, 0.5356504917144775, 0.5339008271694183, 0.5347265601158142, 0.534096896648407, 0.5307106375694275, 0.526332214474678, 0.5235820710659027, 0.5185187309980392, 0.5164292305707932, 0.5144718736410141, 0.5115232020616531, 0.5136827081441879], [0.3055884687937604, 0.0995974984386509, 0.11237669488582873, 0.4085375203177359, 0.6770638518344331, 0.944234678621037, 1.15277699271875, 1.2073627272200134, 1.3237789800260205, 1.316593693133529, 1.271189926698032, 1.2683667567020112, 1.1355924518038538, 1.0865263175097017, 1.1147950953946932, 1.0992958960026449, 1.000759115040799, 0.8720276096330327, 0.7918964011179142, 0.6418302656140942, 0.5808176551290553, 0.5235436149030902, 0.43622930690159534, 0.5024323544407502]], 
    "fwd": [[2.3, 2.3, 2.3, 2.3, 2.3, 2.3, 2.3, 2.3, 2.3, 2.3, 2.3, 2.3, 2.3, 2.3, 2.3, 2.3, 2.3, 2.3, 2.3, 2.3, 2.3, 2.3, 2.3, 2.3], [4.3, 4.3, 4.3, 4.3, 4.3, 4.3, 5.917839186491366, 5.102470961042396, 5.200188510733599, 4.692333652091918, 4.472792885156199, 3.7898457308074285, 3.232199553672218, 3.0014209133861414, 2.923019115323768, 2.8015590547678335, 2.469892734583707, 2.672878120479991, 2.577057710118651, 2.374269474785761, 2.404008188909473, 2.2994275538637217, 1.8992776768284598, 2.1939931633063736], [-1.0, -1.0, -1.0, -1.0, -1.0, -1.0, -1.0, -1.0, -1.0, -1.0, -1.0, -0.8442392935614862, -0.5655421613694738, -0.45048007133833096, -0.4114311198082134, -0.3506579082208381, -0.1846155042463944, -0.2866422022091979, -0.23843297683817574, -0.13693251816526011, -0.15203383467207188, -0.09960620179129233, 0.10277241642590057, -0.04474985529157864]], 
    "time": [1.7816836833953857, 2.7839581966400146, 3.7840628623962402, 4.783209562301636, 5.785183429718018, 6.784735202789307, 7.783966064453125, 8.785932540893555, 9.785223007202148, 10.784584045410156, 11.786964654922485, 12.78605604171753, 13.786123275756836, 14.787821531295776, 15.787362337112427, 16.78606629371643, 17.788477182388306, 18.787718534469604, 19.787119388580322, 20.789910078048706, 21.789839029312134, 22.788582801818848, 23.79146647453308, 24.790424823760986]},
"400": {
    "yaw": [[0.5, 0.5, 0.5, 0.5, 0.5, 0.5, 0.5, 0.5, 0.5, 0.5, 0.5], [0.5057247430086136, 0.5060539543628693, 0.5016601085662842, 0.496844083070755, 0.49776090681552887, 0.5004532635211945, 0.5041956305503845, 0.5038821846246719, 0.4988766759634018, 0.4974166005849838, 0.49628210067749023], [0.23002190010056403, 0.24171539366452416, 0.11038236314107851, -0.03504685426354857, -0.008194882668197127, 0.0727177451695777, 0.1862510819626572, 0.17799902637013193, 0.027481415670712175, -0.017084353473510918, -0.052233839219209904]], 
    "fwd": [[2.3, 2.3, 2.3, 2.3, 2.3, 2.3, 2.3, 2.3, 2.3, 2.3, 2.3], [3.5925743646399466, 4.000736013343954, 2.6477727509939073, 1.7296549306535083, 1.6491879610752262, 2.008194564132337, 2.6437769193951217, 2.562615644905291, 1.9497514192592558, 1.8428305227689057, 2.320763418572369], [-0.7462998792396626, -0.950504029356896, -0.2734354283115237, 0.19403624516183393, 0.24375426311316833, 0.06848257306824702, -0.2545580652283774, -0.2176783586478435, 0.09418019998559161, 0.15433221073002065, -0.08514065418777536]], 
    "time": [1.820955753326416, 4.821669101715088, 7.821985483169556, 10.822851419448853, 13.823374509811401, 16.824050903320312, 19.82437515258789, 22.8248507976532, 25.8221652507782, 28.823415756225586, 31.823960781097412]},
"800": {
    "yaw": [[0.5, 0.5, 0.5, 0.5, 0.5, 0.5, 0.5, 0.5, 0.5, 0.5], [0.5026931315660477, 0.5021458715200424, 0.49786311388015747, 0.48466020822525024, 0.4799228310585022, 0.47936108708381653, 0.48228685557842255, 0.48948392271995544, 0.49111829698085785, 0.49521833658218384], [0.09697001035323832, 0.08119378865310715, -0.04794309905145459, -0.44866280588224206, -0.5967801484470925, -0.6198116084329116, -0.5373420793712307, -0.32457126308275835, -0.2782238926982084, -0.15664929032363004]], 
    "fwd": [[2.3, 2.3, 2.3, 2.3, 2.3, 2.3, 2.3, 2.3, 2.3, 2.3], [1.9526338150371876, 1.1292296513033762, 1.278524946581912, 1.5555374201039736, 2.1394197052785566, 2.5557005360383287, 2.4658654523903456, 2.7603982896153543, 2.693984327918796, 2.326226574296015], [0.273688875885721, 0.6856596079648614, 0.6106878127354145, 0.4721389692732157, 0.18009555511475522, -0.031826455711407985, 0.01077190891670638, -0.143529928305816, -0.11611422654564629, 0.06747159820816079]], 
    "time": [1.8388991355895996, 4.839321136474609, 7.842387914657593, 10.842948198318481, 13.843491077423096, 16.84416127204895, 19.844841480255127, 22.84542155265808, 25.846330404281616, 28.84696674346924]},
"1000": {
    "yaw": [[0.5, 0.5, 0.5, 0.5, 0.5, 0.5, 0.5, 0.5, 0.5, 0.5], [0.5028227418661118, 0.5093538165092468, 0.4935617297887802, 0.48130732774734497, 0.4772762507200241, 0.475152388215065, 0.4770234376192093, 0.47454287111759186, 0.4852886199951172, 0.48800523579120636], [0.16838313710539074, 0.3671431024748222, -0.10862569864765778, -0.4818552715864011, -0.6095790941058562, -0.6807451402756111, -0.631498162877665, -0.7110294300145409, -0.3930229781720677, -0.3151510746770768]], 
    "fwd": [[2.3, 2.3, 2.3, 2.3, 2.3, 2.3, 2.3, 2.3, 2.3, 2.3], [0.5891675900807635, 0.34067452986619173, 0.9369271944905213, 1.1951758315299226, 1.3874003616429331, 2.037760484255754, 2.286830943809549, 2.530034166378444, 2.392769468456889, 2.6327197789579477], [0.9554250236918906, 1.0, 0.7813376850942894, 0.6523260243159849, 0.5562357612673806, 0.2309030373368907, 0.10650156281601957, -0.017440843592271056, 0.04996696071561584, -0.07512662434942487]], 
    "time": [1.8379154205322266, 4.838201522827148, 7.838696479797363, 10.83950138092041, 13.84028935432434, 16.8411922454834, 19.84330129623413, 21.844959497451782, 24.84550714492798, 27.8466579914093]}
}