{"200": {"yaw": [[0.5, 0.5, 0.5, 0.5, 0.5, 0.5, 0.5, 0.5, 0.5, 0.5, 0.5, 0.5, 0.5, 0.5, 0.5, 0.5, 0.5, 0.5, 0.5, 0.5, 0.5, 0.5, 0.5, 0.5, 0.5, 0.5], [0.5019422173500061, 0.49112406373023987, 0.4963795393705368, 0.5044901818037033, 0.5143472850322723, 0.5279849469661713, 0.5370812267065048, 0.5390562415122986, 0.5361455529928207, 0.5444771945476532, 0.5425297319889069, 0.5410652756690979, 0.5369245707988739, 0.5323026776313782, 0.53340283036232, 0.5336544215679169, 0.528104156255722, 0.5224813520908356, 0.5151789784431458, 0.5125492215156555, 0.5129766464233398, 0.5157422721385956, 0.5164805799722672, 0.5167437791824341, 0.5169279873371124, 0.5149448215961456], [0.0653796231226793, -0.26016425573555746, -0.10270138453922886, 0.14109512232165045, 0.4382639100382905, 0.8502268296699785, 1.126785152622014, 1.189880302825501, 1.106120660458606, 1.360626458345777, 1.3063635956590605, 1.266543115388197, 1.1459830100967707, 1.0105604190490853, 1.0469597127013297, 1.0578612455733643, 0.8941117680727033, 0.7276728436813306, 0.5101013403723599, 0.4325135011303873, 0.4466631691983954, 0.5312282080034072, 0.5550101827353068, 0.5645731273985577, 0.5717902449780006, 0.5137692399476868]], "fwd": [[2.3, 2.3, 2.3, 2.3, 2.3, 2.3, 2.3, 2.3, 2.3, 2.3, 2.3, 2.3, 2.3, 2.3, 2.3, 2.3, 2.3, 2.3, 2.3, 2.3, 2.3, 2.3, 2.3, 2.3, 2.3, 2.3], [4.3, 4.3, 4.3, 4.3, 4.3, 4.3, 5.656106019371805, 5.837033693322606, 5.028792082327926, 4.485851462729329, 4.227748927017956, 3.876312699838766, 3.2935884095576267, 2.6797165536765992, 2.235970462945088, 2.540745173005235, 2.823906555008306, 2.905425432715957, 2.478142181023713, 2.4988275084622265, 2.402677370919265, 2.48910991160102, 2.534855223683622, 2.4667648063497163, 2.443203464542591, 2.3188658659866532], [-1.0, -1.0, -1.0, -1.0, -1.0, -1.0, -1.0, -1.0, -1.0, -1.0, -1.0, -0.8878050795997069, -0.5962107673108756, -0.28924602381739145, -0.0672212374500979, -0.22067764952507013, -0.3622358358826433, -0.4027943093137634, -0.18864341387512013, -0.19943438862569454, -0.15124244121884106, -0.19464146312727482, -0.21747321572035627, -0.18331419901085094, -0.17157815529133777, -0.10930868979972044]], "time": [5.8239593505859375, 6.827761173248291, 7.826985836029053, 8.826183319091797, 9.82884931564331, 10.827534198760986, 11.829580307006836, 12.832181692123413, 13.830881834030151, 14.830050230026245, 15.83260178565979, 16.83306312561035, 17.83181858062744, 18.83447289466858, 19.83367109298706, 20.83273410797119, 21.834858179092407, 22.833950519561768, 23.833040952682495, 24.83550262451172, 25.834535360336304, 26.833670377731323, 27.836704969406128, 28.83510136604309, 29.834432125091553, 30.835198163986206]}}
{"200": {"yaw": [[0.5, 0.5, 0.5, 0.5, 0.5, 0.5, 0.5, 0.5, 0.5], [0.49519073963165283, 0.4994671195745468, 0.5498934090137482, 0.5327625870704651, 0.5260428041219711, 0.5225723683834076, 0.5182863473892212, 0.5004958212375641, 0.4962176978588104], [-0.09905785913029799, 0.029095087931071916, 1.5669104827574016, 1.0626584757880393, 0.8689137131332024, 0.771584289220925, 0.6484881596942298, 0.11487616912763546, -0.014557371232107895]], "fwd": [[2.3, 2.3, 2.3, 2.3, 2.3, 2.3, 2.3, 2.3, 2.3], [4.3, 4.3, 4.987905960912312, 4.144068025745583, 2.4452086463854945, 2.0272282171660536, 2.120228600713859, 1.87830600288862, 1.946749187551857], [-1.0, -1.0, -1.0, -1.0, -0.1720381237581029, 0.04061744326836178, -0.00335582696633092, 0.12404451799531481, 0.09501904887932251]], "time": [5.8360114097595215, 8.836484909057617, 13.835158109664917, 16.835721731185913, 19.836178064346313, 22.836668968200684, 25.837387084960938, 28.83833956718445, 31.838797092437744]}}