{"-150": {"yaw": [[0.5, 0.5, 0.5, 0.5, 0.5, 0.5, 0.5, 0.5, 0.5, 0.5, 0.5, 0.5, 0.5, 0.5, 0.5, 0.5, 0.5, 0.5, 0.5, 0.5, 0.5, 0.5, 0.5, 0.5, 0.5, 0.5], [0.3650363087654114, 0.3675849139690399, 0.3684513568878174, 0.36904387176036835, 0.37136921286582947, 0.37213246524333954, 0.3777690529823303, 0.3805822283029556, 0.3858141005039215, 0.38871370255947113, 0.3923356533050537, 0.3988329917192459, 0.40327487885951996, 0.40751805901527405, 0.41202424466609955, 0.41667456924915314, 0.4219236671924591, 0.4281400442123413, 0.43292243778705597, 0.43689781427383423, 0.44310446083545685, 0.4476792812347412, 0.4937904179096222, 0.5006955713033676, 0.5053583979606628, 0.5062976777553558], [-5.0, -5.0, -5.0, -5.0, -5.0, -5.0, -5.0, -5.0, -5.0, -5.0, -5.0, -5.0, -5.0, -5.0, -5.0, -5.0, -5.0, -5.0, -5.0, -5.0, -4.337330937116749, -5.0, 5.0, 3.2593009905833323, 2.296520857559536, 0.21246461504300918]], "fwd": [[0.36, 0.36, 0.36, 0.36, 0.36, 0.36, 0.36, 0.36, 0.36, 0.36, 0.36, 0.36, 0.36, 0.36, 0.36, 0.36, 0.36, 0.36, 0.36, 0.36, 0.36, 0.36, 0.36, 0.36, 0.36, 0.36], [0.34717698097229, 0.35337967872619624, 0.3547137022018432, 0.3534318923950195, 0.35573980808258066, 0.35814878940582284, 0.35567765235900883, 0.35663352012634286, 0.3546634197235108, 0.35271992683410636, 0.3510575294494629, 0.35092792510986337, 0.35447173118591313, 0.35365283489227295, 0.35303077697753915, 0.352501916885376, 0.35042660236358647, 0.3503190279006958, 0.3505524158477784, 0.35205430984497066, 0.3515416145324708, 0.35129642486572266, 0.3532785415649413, 0.356522011756897, 0.3578478813171386, 0.3587949514389037], [0.09587841006154851, 0.05030071294516509, 0.04263297442223212, 0.052446803433533605, 0.03525413032008129, 0.018275510816362098, 0.03713110192210967, 0.029412109989098812, 0.04405459610392352, 0.05771143900742341, 0.06928082222421116, 0.06971349603502469, 0.04379293563273356, 0.05087334166216213, 0.0551735315242965, 0.05886341459381202, 0.07372804831008098, 0.07401520859609959, 0.07228543489505362, 0.06140779167174934, 0.06558699457560296, 0.06726506012379396, 0.05276387038129979, 0.02969078464405772, 0.02101876821289151, 0.014500407660206644]], "time": [1.5666022300720215, 1.6529316902160645, 1.7345566749572754, 1.8465096950531006, 1.9456720352172852, 2.0343189239501953, 2.1348180770874023, 2.2325665950775146, 2.339470624923706, 2.436967134475708, 2.5324835777282715, 2.6338911056518555, 2.73223614692688, 2.8262996673583984, 2.919416666030884, 3.0066957473754883, 3.129385232925415, 3.2310006618499756, 3.326514959335327, 3.4275624752044678, 3.541579008102417, 4.57028865814209, 4.665334463119507, 4.762852668762207, 4.864607810974121, 4.965739011764526]}, "-100": {"yaw": [[0.5, 0.5, 0.5, 0.5, 0.5, 0.5, 0.5, 0.5, 0.5, 0.5, 0.5, 0.5, 0.5, 0.5], [0.4218505471944809, 0.422309011220932, 0.42221374809741974, 0.42434822022914886, 0.42510445415973663, 0.4278567135334015, 0.43273042142391205, 0.43600742518901825, 0.4390975087881088, 0.4899981617927551, 0.49973249435424805, 0.5060194879770279, 0.509856641292572, 0.510504275560379], [-5.0, -5.0, -5.0, -5.0, -5.0, -5.0, -5.0, -5.0, -5.0, 5.0, 3.39109219545203, 2.2947044321154157, 1.5843324127569458, -0.17026103657236136]], "fwd": [[0.36, 0.36, 0.36, 0.36, 0.36, 0.36, 0.36, 0.36, 0.36, 0.36, 0.36, 0.36, 0.36, 0.36], [0.3198411226272584, 0.33832361698150626, 0.3514039278030396, 0.356379246711731, 0.35359132289886475, 0.3555346012115479, 0.35719842910766597, 0.3562693119049072, 0.35633196830749503, 0.3562549352645874, 0.35759596824646, 0.360309648513794, 0.36343474388122554, 0.36316444873809806], [0.3070723254685433, 0.1715241727597987, 0.08250214320978276, 0.04980829834661382, 0.07170864875453603, 0.05672667740507018, 0.04516058867976628, 0.05233333769137873, 0.05170241932802609, 0.05226667553478448, 0.042510889133296495, 0.023155123574307386, 0.0011126722266026298, 0.003943007890022877]], "time": [0.7223091125488281, 0.8122270107269287, 0.9201667308807373, 1.0192763805389404, 1.1150760650634766, 1.2291769981384277, 1.3443098068237305, 1.4649617671966553, 2.565260887145996, 2.6889102458953857, 2.802976131439209, 2.91725492477417, 3.0243852138519287, 3.1458992958068848]}, "-50": {"yaw": [[0.5, 0.5, 0.5, 0.5, 0.5, 0.5, 0.5, 0.5, 0.5, 0.5, 0.5, 0.5, 0.5, 0.5, 0.5, 0.5], [0.46444733440876007, 0.46072423458099365, 0.46325230598449707, 0.46366003155708313, 0.461831197142601, 0.46463538706302643, 0.4667583554983139, 0.4666958153247833, 0.47013914585113525, 0.4726596027612686, 0.47499944269657135, 0.47883498668670654, 0.48327791690826416, 0.5081699788570404, 0.5118488222360611, 0.5125308334827423], [-5.0, -5.0, -3.9499396087277647, -5.0, -5.0, -3.5878999554745263, -4.266997667822389, -5.0, -2.904554454987651, -3.287611505854015, -3.1768760606986017, -1.6603059009136136, -3.6318833838191633, 5.0, 2.203405583506048, 0.056797468408270935]], "fwd": [[0.36, 0.36, 0.36, 0.36, 0.36, 0.36, 0.36, 0.36, 0.36, 0.36, 0.36, 0.36, 0.36, 0.36, 0.36, 0.36], [0.3555459022521972, 0.35407211780548087, 0.3564831018447876, 0.3524637222290039, 0.3542490720748901, 0.3546664237976074, 0.3526647806167602, 0.35170841217041016, 0.3513622999191284, 0.35102398395538326, 0.35106682777404785, 0.3510438680648804, 0.3511783361434937, 0.35792734622955313, 0.3611666679382324, 0.362605905532837], [0.05923998725617749, 0.07018730119699147, 0.051615591448357194, 0.08259855458060912, 0.06751838610474052, 0.06522902711623325, 0.0801424972805034, 0.08647404708809017, 0.0886847143742074, 0.09105721097489693, 0.09062770411885583, 0.09081933369669193, 0.08995808392933327, 0.03989130005391082, 0.018809407218586177, 0.009356406882296008]], "time": [1.0444796085357666, 1.1144723892211914, 1.1823694705963135, 1.2502403259277344, 1.3163750171661377, 1.3853812217712402, 1.4694361686706543, 1.5527112483978271, 1.6356861591339111, 1.7188987731933594, 1.803504228591919, 1.8876440525054932, 2.931403636932373, 3.0030088424682617, 3.0817065238952637, 3.1523067951202393]}, "50": {"yaw": [[0.5, 0.5, 0.5, 0.5, 0.5, 0.5, 0.5, 0.5, 0.5, 0.5, 0.5, 0.5, 0.5, 0.5, 0.5, 0.5, 0.5, 0.5], [0.5552115440368652, 0.5569846928119659, 0.5594714879989624, 0.560665637254715, 0.5593299865722656, 0.5564449429512024, 0.5545233488082886, 0.5483846962451935, 0.5476773381233215, 0.5456946492195129, 0.5441197454929352, 0.5419270098209381, 0.5167674273252487, 0.510558545589447, 0.5076353251934052, 0.5105359554290771, 0.5117673575878143, 0.5122098028659821], [4.741156700130672, 5.0, 5.0, 5.0, 4.207631637960841, 2.745747131985906, 3.150536066660102, -0.473636160831469, 3.2796455451758386, 2.123607987701905, 2.2556321777020267, 3.02316333159297, -5.0, -5.0, -3.37467811689982, 2.1181398710133665, 0.7193479940893284, 0.05652615614127232]], "fwd": [[0.36, 0.36, 0.36, 0.36, 0.36, 0.36, 0.36, 0.36, 0.36, 0.36, 0.36, 0.36, 0.36, 0.36, 0.36, 0.36, 0.36, 0.36], [0.34945936203002925, 0.3512157440185546, 0.349621868133545, 0.345844030380249, 0.34751930236816403, 0.3479140520095825, 0.3487401008605957, 0.34853124618530273, 0.34925487041473385, 0.35166120529174805, 0.34933826923370365, 0.3518448114395141, 0.3618209838867188, 0.3639025926589965, 0.36292798519134517, 0.3661080121994018, 0.36793262958526607, 0.369274878501892], [0.10526070221977249, 0.09229567158304118, 0.10469095562820954, 0.1319445041299202, 0.11828509481332922, 0.11597276714943208, 0.11003220690366186, 0.1118859608399949, 0.10649026067529141, 0.08904004658675246, 0.1070237405692028, 0.08866021120882506, 0.014244523649168641, 0.0033824572587109166, 0.011571120479270117, -0.01253866004974236, -0.02467293227113117, -0.03380156714365375]], "time": [0.2417137622833252, 0.32098841667175293, 0.40566253662109375, 0.48889613151550293, 0.5753123760223389, 0.6594152450561523, 0.7398641109466553, 0.8244955539703369, 0.9064235687255859, 0.9886550903320312, 1.0719749927520752, 2.1532814502716064, 2.217613697052002, 2.2841134071350098, 2.352191925048828, 2.4195754528045654, 2.490463972091675, 2.571301221847534]},