{
    "-150":{
       "yaw":[
          [
             0.5,
             0.5,
             0.5,
             0.5,
             0.5,
             0.5,
             0.5,
             0.5,
             0.5,
             0.5,
             0.5
          ],
          [
             0.36597178876399994,
             0.3672412931919098,
             0.3706134110689163,
             0.41799136996269226,
             0.4434891939163208,
             0.4521307200193405,
             0.4543997794389725,
             0.45462915301322937,
             0.4767526090145111,
             0.48252230882644653,
             0.5020969063043594
          ],
          [
             -5.0,
             -5.0,
             -5.0,
             -3.73751475900758,
             -2.9784481918116548,
             -2.724170187861116,
             -2.660716830601833,
             -2.658391092320793,
             -1.9967988878295964,
             -1.8256183002656827,
             -1.238032659257467
          ]
       ],
       "fwd":[
          [
             2.3,
             2.3,
             2.3,
             2.3,
             2.3,
             2.3,
             2.3,
             2.3,
             2.3,
             2.3,
             2.3
          ],
          [
             2.1577412378136374,
             2.238631087397492,
             2.215299960853287,
             1.2289084721968488,
             2.000345607129022,
             2.400086097858435,
             2.3490475447380263,
             2.0153060466896022,
             2.3267694649712762,
             2.389730665106752,
             2.3089271587153357
          ],
          [
             0.13711306199156212,
             0.0968923291554164,
             0.10908688564027923,
             0.6085962506009416,
             0.2226161264192009,
             0.02261718824429706,
             0.048341336759133484,
             0.21691771410006916,
             0.06040719863788485,
             0.02872583828810996,
             0.06922682058991714
          ]
       ],
       "time":[
          1.7885353565216064,
          2.788050413131714,
          3.7911105155944824,
          4.789970397949219,
          5.789585828781128,
          6.7920873165130615,
          7.79097318649292,
          8.790524244308472,
          9.792754173278809,
          10.7925283908844,
          11.791810750961304
       ]
    },"-100":{
        "yaw":[
           [
              0.5,
              0.5,
              0.5,
              0.5,
              0.5,
              0.5
           ],
           [
              0.40752169489860535,
              0.4081566631793976,
              0.44116371870040894,
              0.5135821253061295,
              0.5133972018957138,
              0.5135958790779114
           ],
           [
              -4.774350413828631,
              -4.7552937475738135,
              -3.7647580747179124,
              -1.5869177357689161,
              -1.5913089383441112,
              -1.5839868069707133
           ]
        ],
        "fwd":[
           [
              2.3,
              2.3,
              2.3,
              2.3,
              2.3,
              2.3
           ],
           [
              2.2911283366521524,
              2.3157318671843536,
              1.9878145102213707,
              1.9205321688536674,
              2.1331668972006543,
              2.268060888660218
           ],
           [
              0.061337420322620066,
              0.04893253955267881,
              0.21480358809415315,
              0.2557293443128855,
              0.15001634886230383,
              0.08280651365834488
           ]
        ],
        "time":[
           1.811220407485962,
           2.8100624084472656,
           3.809173345565796,
           7.812683582305908,
           8.812322854995728,
           9.811137914657593
        ]
     },
    "-50":{
       "yaw":[
          [
             0.5,
             0.5,
             0.5,
             0.5,
             0.5
          ],
          [
             0.4642633646726608,
             0.46176521480083466,
             0.47078990936279297,
             0.4744052290916443,
             0.5029511749744415
          ],
          [
             -3.0721006594653915,
             -3.1470685583014797,
             -2.876212422719998,
             -2.7678070459440898,
             -1.910884181289471
          ]
       ],
       "fwd":[
          [
             2.3,
             2.3,
             2.3,
             2.3,
             2.3
          ],
          [
             2.1326873679403198,
             2.1238296712166385,
             2.3123428379118436,
             2.4043909109900583,
             2.498863639264641
          ],
          [
             0.18365725942677416,
             0.18809402998738622,
             0.09357828724833553,
             0.04712801239617703,
             -0.0011045627845553466
          ]
       ],
       "time":[
          1.8383901119232178,
          2.837557077407837,
          3.8370094299316406,
          4.839001893997192,
          5.838208913803101
       ]
    },
    "50":{
        "yaw":[
            [
                0.5,
                0.5,
                0.5,
                0.5,
                0.5,
                0.5,
                0.5,
                0.5,
                0.5
            ],
            [
                0.5395800769329071,
                0.5472761690616608,
                0.5458640158176422,
                0.5424551367759705,
                0.5348120033740997,
                0.5317970812320709,
                0.5308888554573059,
                0.5240269154310226,
                0.5094260275363922
            ],
            [
                1.303095202229924,
                1.5387672806129562,
                1.5008916637266683,
                1.4028591392177339,
                1.1770013624112061,
                1.0897777002321674,
                1.0656475262368694,
                0.8621307629243296,
                0.42496880536291437
            ]
        ],
        "fwd":[
            [
                2.3,
                2.3,
                2.3,
                2.3,
                2.3,
                2.3,
                2.3,
                2.3,
                2.3
            ],
            [
                1.9650080840471014,
                2.098538123625815,
                2.1839632001144795,
                2.4246705276990514,
                2.212054725971311,
                2.2434884002020077,
                2.355129202343961,
                2.345068976616803,
                2.3349300307859253
            ],
            [
                0.21646118825688715,
                0.1505580059187705,
                0.10847287511988371,
                -0.012660035331120848,
                0.09454029235268234,
                0.07886161054310606,
                0.022685020717057088,
                0.02761141548673853,
                0.03250640891507333
            ]
        ],
        "time":[
            1.8291192054748535,
            2.828749179840088,
            3.8273775577545166,
            4.829312562942505,
            5.8285911083221436,
            6.827954530715942,
            7.830093860626221,
            8.829406976699829,
            9.82887315750122
        ]
    },